{
    "data": {
        "title": "Explorations in Math",
        "description": "Drag and drop each fraction or decimal in the table below onto its equivalent value. Correct answers will stick and a check mark will appear.",
        "rows": 4,
        "cols": 4,
        "Questions": [["<math xmlns='http://www.w3.org/1998/Math/MathML'><mn>0</mn><mo>.</mo><mn>5</mn></math>", "<math xmlns='http://www.w3.org/1998/Math/MathML'><mo>-</mo><mfrac><mn>27</mn><mn>3</mn></mfrac></math>", "<math xmlns='http://www.w3.org/1998/Math/MathML'><mn>0</mn><mo>.</mo><mn>375</mn></math>", "<math xmlns='http://www.w3.org/1998/Math/MathML'><mn>0</mn><mo>.</mo><mn>45</mn></math>"],
            ["<math xmlns='http://www.w3.org/1998/Math/MathML'><mfrac><mn>3</mn><mn>8</mn></mfrac></math>", "<math xmlns='http://www.w3.org/1998/Math/MathML'><mfrac><mn>9</mn><mn>20</mn></mfrac></math>", "<math xmlns='http://www.w3.org/1998/Math/MathML'><mfrac><mn>3</mn><mn>4</mn></mfrac></math>", "<math xmlns='http://www.w3.org/1998/Math/MathML'><mn>0</mn><mo>.</mo><mn>25</mn></math>"],
            ["<math xmlns='http://www.w3.org/1998/Math/MathML'><mo>-</mo><mn>9</mn></math>", "<math xmlns='http://www.w3.org/1998/Math/MathML'><mfrac><mn>20</mn><mn>9</mn></mfrac></math>", "<math xmlns='http://www.w3.org/1998/Math/MathML'><mfrac><mn>1</mn><mn>2</mn></mfrac></math>", "<math xmlns='http://www.w3.org/1998/Math/MathML'><mn>2</mn><mfrac><mn>2</mn><mn>9</mn></mfrac></math>"],
            ["<math xmlns='http://www.w3.org/1998/Math/MathML'><mn>0</mn><mo>.</mo><mn>75</mn></math>", "<math xmlns='http://www.w3.org/1998/Math/MathML'><mfrac><mn>13</mn><mrow><mo>-</mo><mn>8</mn></mrow></mfrac></math>", "<math xmlns='http://www.w3.org/1998/Math/MathML'><mfrac><mn>1</mn><mn>4</mn></mfrac></math>", "<math xmlns='http://www.w3.org/1998/Math/MathML'><mo>-</mo><mn>1</mn><mfrac><mn>5</mn><mn>8</mn></mfrac></math>"]
        ],
        "Answers": [[0.5, -9, 0.375, 0.45], [0.375, 0.45, 0.75, 0.25], [-9, 2.22, 0.5, 2.22], [0.75, -1.625, 0.25, -1.625]]

    }
}