{
  "project_info": {
    "project_number": "939044174548",
    "firebase_url": "https://teamsprit-f6d87.firebaseio.com",
    "project_id": "teamsprit-f6d87",
    "storage_bucket": "teamsprit-f6d87.appspot.com"
  },
  "client": [
    {
      "client_info": {
        "mobilesdk_app_id": "1:939044174548:android:2e835c5d65d59ddd",
        "android_client_info": {
          "package_name": "com.superpak.sammengistu.stuckapp"
        }
      },
      "oauth_client": [
        {
          "client_id": "939044174548-h700kumapuj5jmt83caslqsfm9pta9ja.apps.googleusercontent.com",
          "client_type": 3
        }
      ],
      "api_key": [
        {
          "current_key": "AIzaSyAqDrJgV3_giHXplDUemFWZLPL8BaR6Oe0"
        }
      ],
      "services": {
        "analytics_service": {
          "status": 1
        },
        "appinvite_service": {
          "status": 1,
          "other_platform_oauth_client": []
        },
        "ads_service": {
          "status": 2
        }
      }
    }
  ],
  "configuration_version": "1"
}