{
  "project_info": {
    "project_number": "3479338786",
    "firebase_url": "https://stuck-app.firebaseio.com",
    "project_id": "stuck-app",
    "storage_bucket": "stuck-app.appspot.com"
  },
  "client": [
    {
      "client_info": {
        "mobilesdk_app_id": "1:3479338786:android:6bbe0041433a2b36",
        "android_client_info": {
          "package_name": "com.example.sammengistu.stuckapp"
        }
      },
      "oauth_client": [
        {
          "client_id": "3479338786-n1bkid5nobi1k9k7i12cv9hkb8vis2qj.apps.googleusercontent.com",
          "client_type": 1,
          "android_info": {
            "package_name": "com.example.sammengistu.stuckapp",
            "certificate_hash": "753CB6CD91F695BAD94B204E77E0B3C5C87F3B25"
          }
        },
        {
          "client_id": "3479338786-eq2rcsqtm4evnjoaptdgk3127evjvs33.apps.googleusercontent.com",
          "client_type": 3
        }
      ],
      "api_key": [
        {
          "current_key": "AIzaSyA19dCK61svT5pKbaTwLN7mQSwe5bpMyTY"
        }
      ],
      "services": {
        "analytics_service": {
          "status": 1
        },
        "appinvite_service": {
          "status": 2,
          "other_platform_oauth_client": [
            {
              "client_id": "3479338786-eq2rcsqtm4evnjoaptdgk3127evjvs33.apps.googleusercontent.com",
              "client_type": 3
            }
          ]
        },
        "ads_service": {
          "status": 2
        }
      }
    },
    {
      "client_info": {
        "mobilesdk_app_id": "1:3479338786:android:2e835c5d65d59ddd",
        "android_client_info": {
          "package_name": "com.superpak.sammengistu.stuckapp"
        }
      },
      "oauth_client": [
        {
          "client_id": "3479338786-otq1gfqipbuo5qsntiripobs44l2llk6.apps.googleusercontent.com",
          "client_type": 1,
          "android_info": {
            "package_name": "com.superpak.sammengistu.stuckapp",
            "certificate_hash": "753CB6CD91F695BAD94B204E77E0B3C5C87F3B25"
          }
        },
        {
          "client_id": "3479338786-13iefpfufa5ombep58p7ujen5aoont92.apps.googleusercontent.com",
          "client_type": 1,
          "android_info": {
            "package_name": "com.superpak.sammengistu.stuckapp",
            "certificate_hash": "0CA134CA057CAA4D06E4E6BA98046193F77213B1"
          }
        },
        {
          "client_id": "3479338786-eq2rcsqtm4evnjoaptdgk3127evjvs33.apps.googleusercontent.com",
          "client_type": 3
        }
      ],
      "api_key": [
        {
          "current_key": "AIzaSyA19dCK61svT5pKbaTwLN7mQSwe5bpMyTY"
        }
      ],
      "services": {
        "analytics_service": {
          "status": 1
        },
        "appinvite_service": {
          "status": 2,
          "other_platform_oauth_client": [
            {
              "client_id": "3479338786-eq2rcsqtm4evnjoaptdgk3127evjvs33.apps.googleusercontent.com",
              "client_type": 3
            }
          ]
        },
        "ads_service": {
          "status": 2
        }
      }
    }
  ],
  "configuration_version": "1"
}