<?xml version="1.0" encoding="UTF-8"?>
<!--
To change this license header, choose License Headers in Project Properties.
To change this template file, choose Tools | Templates
and open the template in the editor.
-->


<root>
    
    <images for="siberian tiger">
        <image metaTag='img1'>Image1.jpg</image>
        <thumbnailImage metaTag='img1'>Image1.jpg</thumbnailImage>
        
        <image metaTag='img2'>Image2.jpg</image>
        <thumbnailImage metaTag='img2'>Image2.jpg</thumbnailImage>
        
        <image metaTag='img3'>Image3.jpg</image>
        <thumbnailImage metaTag='img3'>Image3.jpg</thumbnailImage>
        
        <image metaTag='img4'>Image4.jpg</image>
        <thumbnailImage metaTag='img4'>Image4.jpg</thumbnailImage>
        
        
        <image metaTag='img5'>Image1.jpg</image>
        <thumbnailImage metaTag='img5'>Image1.jpg</thumbnailImage>
        
        <image metaTag='img6'>Image2.jpg</image>
        <thumbnailImage metaTag='img6'>Image2.jpg</thumbnailImage>
        
        <image metaTag='img7'>Image3.jpg</image>
        <thumbnailImage metaTag='img7'>Image3.jpg</thumbnailImage>
        
        <image metaTag='img8'>Image4.jpg</image>
        <thumbnailImage metaTag='img8'>Image4.jpg</thumbnailImage>
        
        
        <image metaTag='img9'>Image1.jpg</image>
        <thumbnailImage metaTag='img9'>Image1.jpg</thumbnailImage>
        
        <image metaTag='img10'>Image2.jpg</image>
        <thumbnailImage metaTag='img10'>Image2.jpg</thumbnailImage>
        
        <image metaTag='img11'>Image3.jpg</image>
        <thumbnailImage metaTag='img11'>Image3.jpg</thumbnailImage>
        
        <image metaTag='img11'>Image4.jpg</image>
        <thumbnailImage metaTag='img11'>Image4.jpg</thumbnailImage>

    </images>
    
    
    <images for="rose">
        <image metaTag='img1'>Image5</image>
        <thumbnailImage metaTag='img1'>thumbnailImage5</thumbnailImage>
        
        <image metaTag='img2'>Image6</image>
        <thumbnailImage metaTag='img2'>thumbnailImage6</thumbnailImage>
        
        <image metaTag='img3'>Image7</image>
        <thumbnailImage metaTag='img3'>thumbnailImage7</thumbnailImage>
        
        <image metaTag='img4'>Image8</image>
        <thumbnailImage metaTag='img4'>thumbnailImage8</thumbnailImage>

    </images>
    
    <images for="jasmine">
        <image metaTag='img1'>Image9</image>
        <thumbnailImage metaTag='img1'>thumbnailImage9</thumbnailImage>
        
        <image metaTag='img2'>Image10</image>
        <thumbnailImage metaTag='img2'>thumbnailImage10</thumbnailImage>
        
        <image metaTag='img3'>Image11</image>
        <thumbnailImage metaTag='img3'>thumbnailImage11</thumbnailImage>
        
        <image metaTag='img4'>Image12</image>
        <thumbnailImage metaTag='img4'>thumbnailImage12</thumbnailImage>

    </images>
<!-- <images for="siberian tiger">
        <image><![CDATA["Image1"]]></image>
        <thumbnailImage><![CDATA[thumbnailImage1]]></thumbnailImage>
        
        <image><![CDATA[Image2]]></image>
        <thumbnailImage><![CDATA[thumbnailImage2]]></thumbnailImage>
        
        <image><![CDATA[Image3]]></image>
        <thumbnailImage><![CDATA[thumbnailImage3]]></thumbnailImage>
        
        <image><![CDATA[Image4]]></image>
        <thumbnailImage><![CDATA[thumbnailImage4]]></thumbnailImage>

    </images>
    
    
    <images for="rose">
        <image><![CDATA[Image5]]></image>
        <thumbnailImage><![CDATA[thumbnailImage5]]></thumbnailImage>
        
        <image><![CDATA[Image6]]></image>
        <thumbnailImage><![CDATA[thumbnailImage6]]></thumbnailImage>
        
        <image><![CDATA[Image7]]></image>
        <thumbnailImage><![CDATA[thumbnailImage7]]></thumbnailImage>
        
        <image><![CDATA[Image8]]></image>
        <thumbnailImage><![CDATA[thumbnailImage8]]></thumbnailImage>

    </images>
    
    <images for="jasmine">
        <image><![CDATA[Image9]]></image>
        <thumbnailImage><![CDATA[thumbnailImage9]]></thumbnailImage>
        
        <image><![CDATA[Image10]]></image>
        <thumbnailImage><![CDATA[thumbnailImage10]]></thumbnailImage>
        
        <image><![CDATA[Image11]]></image>
        <thumbnailImage><![CDATA[thumbnailImage11]]></thumbnailImage>
        
        <image><![CDATA[Image12]]></image>
        <thumbnailImage><![CDATA[thumbnailImage12]]></thumbnailImage>

    </images>-->    
</root>
