{
    "quizQuestions": [ 
        {
            "question": "What continent is highlighted in the world map?",
            "options": [
                "North America",
                "South America",
                "Africa",
                "Australia"
            ],
            "answer": "Africa",
            "imageName": "Img2.png"
        },
        {
            "question": "What continent is highlighted in the world map?",
            "options": [
                "South America",
                "Antarctica",
                "Europe",
                "Africa"
            ],
            "answer": "Antarctica",
            "imageName": "Img3.png"
        },
        {
            "question": "What continent is highlighted in the world map?",
            "options": [
                "Asia",
                "South America",
                "Europe",
                "North America"
            ],
            "answer": "Asia",
            "imageName": "Img4.png"
        },
        {
            "question": "What continent is highlighted in the world map?",
            "options": [
                "South America",
                "Antarctica",
                "Europe",
                "Africa"
            ],
            "answer": "Europe",
            "imageName": "Img5.png"
        },
        {
            "question": "What continent is highlighted in the world map?",
            "options": [
                "Africa",
                "Antarctica",
                "Europe",
                "Australia"
            ],
            "answer": "Australia",
            "imageName": "Img6.png"
        },
        {
            "question": "What continent is highlighted in the world map?",
            "options": [
                "South America",
                "Antarctica",
                "North America",
                "Europe"
            ],
            "answer": "North America",
            "imageName": "Img7.png"
        },
        {
            "question": "What continent is highlighted in the world map?",
            "options": [
                "South America",
                "Antarctica",
                "Europe",
                "Africa"
            ],
            "answer": "South America",
            "imageName": "Img8.png"
        },
        {
            "question": "What ocean is highlighted in the world map?",
            "options": [
                "Arctic",
                "Pacific",
                "Atlantic",
                "Indian"
            ],
            "answer": "Arctic",
            "imageName": "Img9.png"
        },
        {
            "question": "What ocean is highlighted in the world map?",
            "options": [
                "Arctic",
                "Pacific",
                "Atlantic",
                "Indian"
            ],
            "answer": "Atlantic",
            "imageName": "Img10.png"
        },
        {
            "question": "What ocean is highlighted in the world map?",
            "options": [
                "Southern",
                "Pacific",
                "Atlantic",
                "Indian"
            ],
            "answer": "Indian",
            "imageName": "Img11.png"
        },
        {
            "question": "What ocean is highlighted in the world map?",
            "options": [
                "Southern",
                "Pacific",
                "Atlantic",
                "Indian"
            ],
            "answer": "Pacific",
            "imageName": "Img12.png"
        },
        {
            "question": "What ocean is highlighted in the world map?",
            "options": [
                "Southern",
                "Pacific",
                "Atlantic",
                "Indian"
            ],
            "answer": "Southern",
            "imageName": "Img13.png"
        }


    ]    
}